{"cameraMode":{"drawMode":0,"name":"Shaded","section":"Shading Mode"},"sceneLighting":false,"audioPlay":false,"sceneViewState":{"showFog":true,"showMaterialUpdate":true,"showSkybox":true,"showFlares":true,"showImageEffects":true,"showParticleSystems":true},"in2DMode":false,"pivot":{"x":29.950942993164064,"y":1.3059780597686768,"z":-0.007356584072113037},"rotation":{"x":0.010660497471690178,"y":0.16922664642333985,"z":-0.0018281106604263187,"w":0.9855178594589233},"size":4.387354850769043,"orthographic":false}