{"cameraMode":{"drawMode":0,"name":"Shaded","section":"Shading Mode"},"sceneLighting":false,"audioPlay":false,"sceneViewState":{"showFog":true,"showMaterialUpdate":true,"showSkybox":true,"showFlares":true,"showImageEffects":true,"showParticleSystems":true},"in2DMode":false,"pivot":{"x":19.890586853027345,"y":-9.525006294250489,"z":-9.207694053649903},"rotation":{"x":-0.031211847439408304,"y":0.6071783304214478,"z":-0.023880379274487497,"w":-0.7935932278633118},"size":199.5670166015625,"orthographic":false}