{"cameraMode":{"drawMode":0,"name":"Shaded","section":"Shading Mode"},"sceneLighting":false,"audioPlay":false,"sceneViewState":{"showFog":true,"showMaterialUpdate":true,"showSkybox":true,"showFlares":true,"showImageEffects":true,"showParticleSystems":true},"in2DMode":false,"pivot":{"x":-20.174999237060548,"y":-3.675001382827759,"z":-1.6749993562698365},"rotation":{"x":-0.30157971382141116,"y":0.5729206800460815,"z":-0.23872950673103333,"w":-0.7237540483474731},"size":68.51509857177735,"orthographic":false}