{"cameraMode":{"drawMode":0,"name":"Shaded","section":"Shading Mode"},"sceneLighting":false,"audioPlay":false,"sceneViewState":{"showFog":true,"showMaterialUpdate":true,"showSkybox":true,"showFlares":true,"showImageEffects":true,"showParticleSystems":true},"in2DMode":false,"pivot":{"x":-0.10671159625053406,"y":0.1548810452222824,"z":0.45347434282302859},"rotation":{"x":0.18880778551101685,"y":0.13100796937942506,"z":0.02542179264128208,"w":-0.9729040861129761},"size":3.1416585445404054,"orthographic":false}