{"cameraMode":{"drawMode":0,"name":"Shaded","section":"Shading Mode"},"sceneLighting":false,"audioPlay":false,"sceneViewState":{"showFog":true,"showMaterialUpdate":true,"showSkybox":true,"showFlares":true,"showImageEffects":true,"showParticleSystems":true},"in2DMode":false,"pivot":{"x":0.0,"y":-4.175001621246338,"z":0.00000286102294921875},"rotation":{"x":-0.30157971382141116,"y":0.5729206800460815,"z":-0.23872950673103333,"w":-0.7237540483474731},"size":14.461999893188477,"orthographic":false}