{"cameraMode":{"drawMode":0,"name":"Shaded","section":"Shading Mode"},"sceneLighting":false,"audioPlay":false,"sceneViewState":{"showFog":true,"showMaterialUpdate":true,"showSkybox":true,"showFlares":true,"showImageEffects":true,"showParticleSystems":true},"in2DMode":false,"pivot":{"x":-15.399999618530274,"y":-4.099999904632568,"z":56.11000061035156},"rotation":{"x":0.008443532511591912,"y":-0.23504866659641267,"z":-0.0020436656195670368,"w":-0.9719448089599609},"size":2.8578836917877199,"orthographic":false}