{"cameraMode":{"drawMode":0,"name":"Shaded","section":"Shading Mode"},"sceneLighting":false,"audioPlay":false,"sceneViewState":{"showFog":true,"showMaterialUpdate":true,"showSkybox":true,"showFlares":true,"showImageEffects":true,"showParticleSystems":true},"in2DMode":false,"pivot":{"x":28.36166000366211,"y":1.4704298973083497,"z":116.88394165039063},"rotation":{"x":-0.013113434426486493,"y":-0.31349676847457888,"z":0.004329627379775047,"w":-0.9494888782501221},"size":-22.454063415527345,"orthographic":false}