{"cameraMode":{"drawMode":0,"name":"Shaded","section":"Shading Mode"},"sceneLighting":false,"audioPlay":false,"sceneViewState":{"showFog":true,"showMaterialUpdate":true,"showSkybox":true,"showFlares":true,"showImageEffects":true,"showParticleSystems":true},"in2DMode":false,"pivot":{"x":61.05083084106445,"y":-10.920486450195313,"z":85.04330444335938},"rotation":{"x":-0.0895896926522255,"y":0.11543631553649903,"z":-0.010457562282681466,"w":-0.9892112612724304},"size":22.339136123657228,"orthographic":false}