{"cameraMode":{"drawMode":0,"name":"Shaded","section":"Shading Mode"},"sceneLighting":false,"audioPlay":false,"sceneViewState":{"showFog":true,"showMaterialUpdate":true,"showSkybox":true,"showFlares":true,"showImageEffects":true,"showParticleSystems":true},"in2DMode":false,"pivot":{"x":-22.674997329711915,"y":-17.674999237060548,"z":0.0},"rotation":{"x":-0.30157971382141116,"y":0.5729206800460815,"z":-0.23872950673103333,"w":-0.7237540483474731},"size":104.38005065917969,"orthographic":false}