{"cameraMode":{"drawMode":0,"name":"Shaded","section":"Shading Mode"},"sceneLighting":false,"audioPlay":false,"sceneViewState":{"showFog":true,"showMaterialUpdate":true,"showSkybox":true,"showFlares":true,"showImageEffects":true,"showParticleSystems":true},"in2DMode":false,"pivot":{"x":1.9900000095367432,"y":3.9600000381469728,"z":25.700000762939454},"rotation":{"x":0.005191197153180838,"y":0.6918653845787048,"z":0.004974510055035353,"w":-0.721990704536438},"size":22.0,"orthographic":false}