{"cameraMode":{"drawMode":0,"name":"Shaded","section":"Shading Mode"},"sceneLighting":false,"audioPlay":false,"sceneViewState":{"showFog":true,"showMaterialUpdate":true,"showSkybox":true,"showFlares":true,"showImageEffects":true,"showParticleSystems":true},"in2DMode":false,"pivot":{"x":-807.05810546875,"y":-84.0455093383789,"z":-617.813720703125},"rotation":{"x":-0.07855226844549179,"y":0.8323251008987427,"z":-0.12222880125045777,"w":-0.5349061489105225},"size":306.4137268066406,"orthographic":false}