{"cameraMode":{"drawMode":0,"name":"Shaded","section":"Shading Mode"},"sceneLighting":false,"audioPlay":false,"sceneViewState":{"showFog":true,"showMaterialUpdate":true,"showSkybox":true,"showFlares":true,"showImageEffects":true,"showParticleSystems":true},"in2DMode":false,"pivot":{"x":-2.3999996185302736,"y":6.599999904632568,"z":25.207042694091798},"rotation":{"x":0.22422072291374207,"y":0.4452521502971649,"z":-0.11621309816837311,"w":0.8590518832206726},"size":108.30510711669922,"orthographic":false}