{"cameraMode":{"drawMode":0,"name":"Shaded","section":"Shading Mode"},"sceneLighting":false,"audioPlay":false,"sceneViewState":{"showFog":true,"showMaterialUpdate":true,"showSkybox":true,"showFlares":true,"showImageEffects":true,"showParticleSystems":true},"in2DMode":false,"pivot":{"x":-500.049072265625,"y":0.7059780359268189,"z":-0.007356584072113037},"rotation":{"x":-0.08992362022399903,"y":0.19414299726486207,"z":-0.017876766622066499,"w":-0.9766794443130493},"size":4.387336730957031,"orthographic":false}