{"cameraMode":{"drawMode":0,"name":"Shaded","section":"Shading Mode"},"sceneLighting":false,"audioPlay":false,"sceneViewState":{"showFog":true,"showMaterialUpdate":true,"showSkybox":true,"showFlares":true,"showImageEffects":true,"showParticleSystems":true},"in2DMode":false,"pivot":{"x":20.174999237060548,"y":-11.175005912780762,"z":-9.17499828338623},"rotation":{"x":0.011656287126243115,"y":-0.9875715374946594,"z":0.08943085372447968,"w":0.12871944904327393},"size":82.7186279296875,"orthographic":false}