{"cameraMode":{"drawMode":0,"name":"Shaded","section":"Shading Mode"},"sceneLighting":false,"audioPlay":false,"sceneViewState":{"showFog":true,"showMaterialUpdate":true,"showSkybox":true,"showFlares":true,"showImageEffects":true,"showParticleSystems":true},"in2DMode":false,"pivot":{"x":39.797210693359378,"y":0.7910957336425781,"z":-24.191635131835939},"rotation":{"x":-0.08212952315807343,"y":0.5299901962280273,"z":0.051671355962753299,"w":0.8424341678619385},"size":31.7961483001709,"orthographic":false}